Location,GPS,Native_Lands,Tags,Geological_Age,Ecology,Hydrology,Taxa,Acreage
Seip Earthworks,"39.2417, -83.2214","Adena (c. 1000 BC-100 AD) and Hopewell (c. 200 BC-500 AD) cultures; Seip lies within the densest 20-mile corridor of Hopewell monumental earthworks on the continent, running from Bainbridge to Chillicothe along the Paint Valley; Chalahgawtha (principal-town) division of the Shawandasse Tula (Shawanwaki/Shawnee) held the Paint Creek valley as the principal Shawnee territorial corridor; documented Chalahgawtha town at Frankfort on Paint Creek in Ross County; Myaamia (Miami) co-held south-central Ohio; Shawnee and Miami lands ceded via Treaty of Greene Ville (August 3, 1795), Article 3 boundary and Article 4 relinquishment; Shawnee removed west via Treaty with the Shawnee 1831 under Indian Removal Act 1830.","[Ohio, NPS, World Heritage]","~425 Mya Silurian dolomite (Peebles Dolomite, Tymochtee Dolomite); earthworks constructed on Pleistocene glacial outwash terrace above Paint Creek at the maximum extent of both the Illinoian and Wisconsinan glacial advances.","Restored native tallgrass prairie within earthwork enclosures featuring big bluestem (Andropogon gerardii), switchgrass (Panicum virgatum), and Indiangrass (Sorghastrum nutans); reconstructed mound maintained as managed turf; riparian floodplain woodland edge along Paint Creek; 438 vascular plant species in 281 genera and 93 families documented across Hopewell Culture NHP units, representing 17% of Ohio's total flora; Ohio state-listed Spiranthes ovalis (oval ladies'-tresses) and Eleocharis ovata (ovate spike-rush) documented within the park.","North bank of Paint Creek, a 94.7-mile tributary of the Scioto River draining 1,143 sq mi of south-central Ohio; site situated on Pleistocene glacial outwash terrace immediately adjacent to the Paint Creek floodplain near Bainbridge in Paxton Township, Ross County; LiDAR analysis has documented erosion of earthwork boundaries by old Paint Creek channels; Paint Creek Lake upstream moderates downstream flooding; Paint Creek and Rocky Fork Creek designated Ohio State Scenic Rivers 2021.","[Plants, Birds, Insects, Fungi, Reptiles, Amphibians, Arachnids]",121
Rocky Fork State Park,"39.1861, -83.472","Hopewell culture (c. 200 BC-500 AD) constructed at least two ceremonial earthwork complexes within current park boundaries: Rocky Fork Park Site (NRHP 73001479), a double-concentric circular enclosure with gateways on its eastern side, and the Rocky Fork Park Group (NRHP listed 1973), a separate mound group on an adjacent hilledge; both sites were never plowed, preserving their original earthwork profiles; Chalahgawtha (principal-town) division of the Shawandasse Tula (Shawanwaki/Shawnee) used the Paint Creek and Rocky Fork Creek corridors as principal travel routes and considered the Paint Valley home territory; Myaamia (Miami) co-held southern Ohio; Shawnee lands ceded via Treaty of Greene Ville (August 3, 1795), Article 3; remaining Shawnee removed west via Treaty with the Shawnee 1831 under Indian Removal Act 1830.","[Ohio, State park, State Nature Preserve]","~425 Mya Silurian dolomite (Peebles Dolomite, Ludlovian); 75-ft gorge incised approximately 25,000 years ago when advancing Wisconsin glacier ice blocked Rocky Fork Creek's original drainage outlet, reversing stream flow direction and rapidly cutting through dolomite bedrock; carbonate dissolution formed cave systems in the gorge walls; collapsed cave ceilings visible as large slump blocks in the streambed.","Mixed mesophytic forest on Silurian dolomite uplands, with alkaline-loving rare plant communities on gorge cliff faces; Sullivantia sullivantii (Sullivant's coolwort, Saxifragaceae) grows profusely on moist seeping dolomite cliffs in the gorge, blooming mid-summer; extremely rare in Ohio and known from only ten midwestern states; snow trillium (Trillium nivale), American Columbo (Frasera caroliniensis, requiring up to 30 years to produce its 5-ft flowering stalk), royal catchfly, queen-of-the-prairie, and prairie dock documented at the gorge preserve; fine-rayed pocketbook mussel (Ohio state-threatened) and 118 fish species documented in the Rocky Fork and Paint Creek watershed; river otter, bald eagle, osprey, cerulean warbler, and Louisiana waterthrush among 230+ bird species; Rocky Fork Creek and Paint Creek jointly rated Exceptional Warmwater Habitat by Ohio EPA.","Rocky Fork Creek drains 70,399 acres (~110 sq mi) before impoundment by Rocky Fork Lake; tributary of Paint Creek, which drains 1,143 sq mi to the Scioto River; gorge reach below the dam runs approximately 7.5 miles to confluence with Paint Creek near Bainbridge; Rocky Fork Creek reversed drainage direction approximately 25,000 years ago during Wisconsin glaciation; Rocky Fork Lake shoreline 31 miles, average depth approximately 15 ft, maximum depth approximately 40 ft; dam classified Class I by ODNR Division of Engineering; Paint Creek and Rocky Fork Creek designated Ohio State Scenic Rivers 2021 (approximately 81.7 miles total).","[Plants, Birds, Insects, Mammals, Fungi, Reptiles, Amphibians, Arachnids]","3,464"
Hopewell Culture National Historical Park,"39.3758, -83.0064","Adena (c. 1000 BC-100 AD) and Hopewell (c. 1 CE-400 AD) cultures constructed the Mound City earthworks; no direct genealogical link between Hopewell builders and any historically documented tribe has been established; Chalahgawtha (principal-town) division of the Shawandasse Tula (Shawanwaki/Shawnee) returned to the Scioto valley c. 1738 following Haudenosaunee dispersal of Shawnee from the region in the 1670s-80s; the Scioto River Chalahgawtha town (c. 1758-1787) stood on the Scioto west bank near Paint Creek approximately 2-3 miles from Mound City, housing approximately 1,200 people including Tecumseh (b. 1768); Chillicothe, meaning principal town of the Chalahgawtha sept, was the moving political capital of the Shawnee nation with multiple documented locations across southern Ohio; Myaamia (Miami) held the Miami River valleys to the west; Shawnee and Miami lands ceded via Treaty of Greene Ville (August 3, 1795), Article 3 boundary and Article 4 relinquishment, with Shawnee receiving $1,000 annual annuity goods; remaining Shawnee removed west via Treaty with the Shawnee 1831 under Indian Removal Act 1830.","[Ohio, NPS, World Heritage]","~375 Mya Devonian shale (Ohio Shale, Olentangy Shale); earthworks built on Pleistocene glacial outwash terraces.","Mixed-grass meadow and early successional floodplain woodland on Scioto River glacial outwash terraces; Mound City unit comprises approximately 40 acres managed hay field, 40 acres mixed mesophytic forest, and reconstructed earthworks on managed turf; 438 vascular plant species in 281 genera and 93 families documented across all park units (17% of Ohio's total flora; 65 new county records); habitat for Henslow's Sparrow (species of conservation concern in Eastern Tallgrass Prairie region); Ohio state-listed Spiranthes ovalis (oval ladies'-tresses) and Eleocharis ovata (ovate spike-rush) documented within park.","Scioto River watershed; Mound City Group on the west bank of the Scioto River north of Chillicothe, situated on Pleistocene glacial outwash terraces; Scioto River drains approximately 7,956 sq mi of central Ohio to the Ohio River; park units span Scioto River and Paint Creek drainages across Ross County.","[Plants, Birds, Insects, Mammals, Fungi, Reptiles, Amphibians, Arachnids]","1,170"
New River Gorge National Park and Preserve,"38.07, -81.0758","Shawnee (Shawanwaki) and Cherokee (Aniyvwiya) maintained hunting territories throughout the New River drainage; Shawnee forces under Chief Cornstalk fought Virginia militia at the Battle of Point Pleasant (October 10, 1774), a decisive engagement leading to the Treaty of Camp Charlotte (October 19, 1774), in which the Shawnee agreed to cease hunting south of the Ohio River and recognize Virginia's territorial claims; Seneca (Onöndowa'ga:') of the Haudenosaunee Confederacy maintained the Seneca Trail corridor (present US-219) through the region; Moneton peoples documented in pre-contact archaeological evidence; more than 400 archaeological sites along the New, Gauley, and Bluestone Rivers record at least 11,000 years of continuous Indigenous occupation; Shawnee removal to Oklahoma completed under federal pressure by the post-Civil War era.","[West Virginia, NPS, National Park, National River]","~325 Mya Pennsylvanian and Mississippian sandstone, shale, and coal seams.","Mixed Mesophytic forest with oak-hickory on xeric south-facing slopes and hemlock-hardwood (Tsuga canadensis, Fagus grandifolia) in cool mesic coves; understory of Rhododendron maximum and mountain laurel; 1,383 vascular plant species documented across 41 community types.","New River drains into the Kanawha River and the Ohio River system; park corridor encompasses approximately 295 km of New River watershed; tributaries include the Bluestone and Greenbrier Rivers; gorge characterized by pools, shoals, riffles, and cascades.","[Plants, Birds, Insects, Mammals, Fungi, Reptiles, Amphibians, Arachnids]","72,186"
Big Bone Lick State Historic Site,"38.8838, -84.7474","Paleoindians from at least ~12,000 BP · Shawnee (Shawanwaki) · Delaware (Lenape); the salt springs drew Indigenous hunters for millennia; Shawnee used the lick as a salt source and hunting ground; Mary Draper Ingles, captured by Shawnee in 1755, was brought to Big Bone Lick and put to work boiling brine; Iroquois Confederacy ceded their Ohio River corridor claim to the British Crown via Treaty of Fort Stanwix 1768, a transaction the Shawnee disputed; Shawnee ceded rights south of the Ohio under duress via Treaty of Camp Charlotte 1774 ending Lord Dunmore's War; Cherokee ceded overlapping claims via Treaty of Sycamore Shoals 1775, a private purchase nullified by Virginia 1778; two prehistoric burial mounds and a cemetery documented by the 1932 Webb-Funkhouser survey; 2008 excavation found possible cut marks on Pleistocene bones suggesting Paleoindian butchering.","[Kentucky, State historic site, National Natural Landmark, National Historic Landmark]","~450 Mya Ordovician limestone and shale (Kope Formation); Pleistocene fossil-bearing bog deposits (25,000-12,000 BP).","Mixed mesophytic forest with oak-hickory overstory on surrounding uplands; active sulphur spring and mineralized salt lick complex creating a distinctive halophytic microhabitat; native grassland and savanna remnants along Discovery Trail; wetland and bog habitat in the spring-fed lowland supports running buffalo clover (Trifolium stoloniferum, delisted 2021) and rare bats.","Big Bone Creek drainage, a tributary of the Ohio River; sulphur-bearing mineral springs emerge from the Ordovician bedrock and discharge into the creek floodplain, forming the historic salt lick; Pleistocene fossil record owes its preservation to glacial meltwater drainage from the Laurentide ice sheet during the Wisconsinan Glaciation, which created standing-water conditions that trapped megafauna; Ohio River basin.","[Plants, Birds, Insects, Mammals, Fungi, Reptiles, Amphibians, Arachnids]",525
Dinsmore Woods State Nature Preserve,"38.9989, -84.8153","Adena culture (500 BCE-200 CE) · Shawnee (Shawanwaki) · Cherokee (Tsalagi); Adena moundbuilding culture occupied the Ohio River valley with documented sites in Boone County; Kentucky's interior served as contested hunting ground at the time of European contact; Iroquois Confederacy ceded their Ohio River corridor claim to the British Crown via Treaty of Fort Stanwix 1768; Cherokee ceded approximately 20 million acres including present-day Kentucky to the Transylvania Company via Treaty of Sycamore Shoals March 1775, opposed by Cherokee leader Dragging Canoe who called the cession a betrayal and withdrew to form the Chickamauga; Shawnee recognized the Ohio River as their southern boundary under Treaty of Camp Charlotte 1774, though many Shawnee rejected this cession; Shawnee and allied nations formally ceded remaining Ohio Valley claims via Treaty of Greenville 1795.","[Kentucky, State nature preserve]",~450 Mya Ordovician limestone and shale.,"Old-growth mixed hardwood forest unlogged since at least the 1830s, dominated by sugar maple, white oak, hackberry, and walnut; understory of pawpaw thickets and rich spring ephemerals including trillium, bloodroot, dwarf larkspur, wood poppy, and trout lily on deep glacially influenced soils.","Ridgetop and slope site draining to Middle Creek, a direct tributary of the Ohio River; glacial outwash deposits underlie the site, producing deep, moisture-retentive soils unusual for Kentucky; Ohio River basin.","[Plants, Birds, Insects, Mammals, Fungi, Reptiles, Amphibians, Arachnids]",107
Caesar Creek State Park,"39.5146, -84.0365","Shawnee (Shawanwaki) · Myaamia (Miami) · Hopewell culture (300 BCE-600 CE) · Fort Ancient culture (1200-1600 CE); Fort Ancient Earthworks, a UNESCO World Heritage Site, located in Warren County; creek named for Caesar, an enslaved Virginian who escaped bondage c. 1774, was adopted by the Shawnee, and used the valley as hunting grounds; Shawnee and Miami ceded southern Ohio via Treaty of Greenville 1795; remaining Ohio Shawnee removed west via Treaty of Wapakoneta 1831.","[Ohio, State park]",~447 Mya Ordovician limestone and shale.,"Oak-hickory and beech-maple upland forests with northern floodplain forest in creek valleys; restored native prairie and wetland complexes support grassland-dependent birds including grasshopper sparrow, Eastern meadowlark, bald eagle, and osprey; over 200 bird species recorded.","Caesar Creek is a tributary of the Little Miami River (a National Wild and Scenic River), draining a 237-square-mile watershed in Warren, Clinton, and Greene counties; the U.S. Army Corps of Engineers dam (completed 1978) impounds a 2,830-acre reservoir; Anderson Fork converges with Caesar Creek at the former site of New Burlington.","[Plants, Birds, Insects, Mammals, Fungi, Reptiles, Amphibians, Arachnids]","7,530"
Shawnee Lookout,"39.1207, -84.8084","Adena culture · Hopewell tradition · Fort Ancient culture · Shawnee (Shawanwaki) · Myaamia (Miami); site occupied continuously for approximately 14,000 years; Hopewell builders constructed the Miami Fort earthwork complex approximately 2,000 years ago -- a water management and ceremonial enclosure nearly 6 km in extent, the largest of its kind in Ohio; Fort Ancient culture succeeded Hopewell occupation; Shawnee cultural continuity with the earthwork builders documented by University of Cincinnati archaeologists; the Treaty of Fort Finney (January 31, 1786) was signed at Fort Finney, a U.S. military post erected at the mouth of the Great Miami River directly below the Miami Fort earthwork; Shawnee delegates were coerced under military threat; the broader Shawnee nation repudiated the treaty, triggering the Northwest Indian War; full cession came via Treaty of Greene Ville 1795 following Battle of Fallen Timbers 1794.","[Ohio, County park]",~450 Mya Ordovician limestone and shale.,"Upland deciduous ridge forest above the Ohio and Great Miami River confluence; pawpaw groves host the largest zebra swallowtail butterfly population in Hamilton County; spicebush understory; tallgrass prairie remnants along trail corridors; bottomland forest along the Great Miami; more than 500 plant species documented; cerulean warbler, bald eagle, and fox squirrel present; adjacent Oxbow wetlands (914 acres) support 270+ bird species.","Confluence of the Ohio River and Great Miami River at the park's southern and western margins; headwater streams drain west from the ridge to the Great Miami; more than 9,000 feet of headwater streams were buried in culverts during 1979 golf course construction and are being daylighted beginning 2025; Great Miami watershed.","[Plants, Birds, Insects, Mammals, Fungi, Reptiles, Amphibians, Arachnids]","2,179"
Fernald Preserve,"39.2922, -84.6878","Myaamia (Miami) · Shawnee (Shawanwaki) · Fort Ancient culture (900-1650 CE); Great Miami River valley a core Myaamia territory, river named for the nation; Fort Ancient people, widely regarded as Shawnee ancestors, occupied bluffs above the river; Shawnee and Miami among signatories who ceded southwestern Ohio via Treaty of Greene Ville 1795 following Battle of Fallen Timbers 1794; Myaamia removed to Kansas then Indian Territory (present-day Oklahoma) by 1846.","[Ohio, DOE legacy site, Superfund]",~450 Mya Ordovician limestone and shale.,"Restored tallgrass prairie, wetlands, and upland forest on reclaimed nuclear weapons production land; 360 acres of prairie and savanna supporting Dickcissel, Bobolink, Grasshopper Sparrow, and Eastern Meadowlark; 400 acres of shingle oak and sycamore-cottonwood forest; 140 acres of wetlands including three open-water lakes supporting migratory waterfowl and shorebirds; more than 250 bird species recorded since 2008.","Paddys Run watershed; Paddys Run, a 9-mile tributary of the Great Miami River, flows through the western preserve and drains approximately 16 square miles before joining the Great Miami at Crosby Township; a losing stream that recharges the Great Miami Buried Valley Aquifer directly below the site; uranium contamination in the aquifer confirmed; active groundwater pump-and-treat system ongoing.","[Plants, Birds, Insects, Mammals, Fungi, Reptiles, Amphibians, Arachnids]","1,050"
Clifty Falls State Park,"38.7608, -85.4188","Shawandasse Tula (Shawnee) · Myaamia (Miami); Ohio River valley ancestral Shawnee homeland; Shawnee displaced from the Ohio valley following the American Revolution; Treaty of Greenville 1795 ceded southeastern Indiana to the United States; Shawnee, Miami, and allied nations removed from Indiana under the Indian Removal Act 1830.","[Indiana, State park, State Nature Preserve]",~445 Mya Ordovician limestone and shale.,"Mixed deciduous forest with chestnut oak, post oak, and black oak on dry canyon rim slopes; beech and sycamore in canyon bottoms; Clifty Canyon State Nature Preserve protects one of Indiana's finest gorge ecosystems.",Clifty Creek drains through a 300-foot-deep canyon to the Ohio River; four major waterfalls including Tunnel Falls (83 ft) and Hoffman Falls (78 ft); drainage pattern established during Pleistocene glaciation when streams were redirected southward to the newly formed Ohio River valley.,"[Plants, Birds, Insects, Mammals, Fungi, Reptiles, Amphibians, Arachnids]","1,416"
French Park,"39.1991, -84.4233","Hopewell tradition · Shawnee (Shawanwaki) · Myaamia (Miami); Benham Mound, an 8-foot Hopewell burial mound within the park with recovered mica indicating long-distance trade networks, listed on the National Register of Historic Places 1974; Adena culture earthworks documented throughout Hamilton County; Shawnee and Miami held the Ohio River valley at European contact; ceded Ohio lands via Treaty of Greenville 1795 following Battle of Fallen Timbers 1794.","[Ohio, Municipal park]",~450 Mya Ordovician limestone and shale.,"Mixed mesophytic forest with oak-hickory woodlands, beech-maple slopes, and pawpaw thickets; meadow and prairie patches support pollinators; creek corridor hosts sycamore and tulip-poplar with exposed Ordovician fossil beds.","Amberley Creek flows through the park, a tributary of Mill Creek, which drains 166 square miles of Hamilton County to the Ohio River; creek bed exposes fossiliferous Ordovician limestone.","[Plants, Birds, Insects, Mammals, Fungi, Reptiles, Amphibians, Arachnids]",275
Big South Fork National River and Recreation Area,"36.5072, -84.7025","Cherokee (Aniyunwiya) held the Cumberland Plateau as ancestral hunting territory, with rockshelter camps documented throughout the gorge zone; Yuchi (Tsoyaha) occupied the plateau prior to Cherokee dominance; Shawnee (Shawanwaki) used the region as hunting grounds following the Beaver Wars in the 1660s; Cherokee ceded adjacent plateau lands via the First Treaty of Tellico 1798 and remaining Cumberland Plateau territory via the Third Treaty of Tellico 1805; Cherokee removed to Oklahoma via the Trail of Tears 1838-1839.","[Tennessee, NPS, National River]",~310 Mya Pennsylvanian sandstone and conglomerate.,"Mixed mesophytic and oak-hickory forest dominates the upland plateau, with hemlock ravine forest and floodplain forest in the gorge zone; mountain laurel and rhododendron are prominent understory species, and sandstone cliffs host rare endemics including Cumberland cliff sedge and Appalachian shoestring fern.","Cumberland River watershed via the Big South Fork of the Cumberland River, a 76-mile free-flowing river formed by the confluence of the New River and Clear Fork in Scott County, Tennessee; the gorge system features steep-walled sandstone canyons, waterfalls, and seeps across 472+ miles of streams.","[Plants, Birds, Insects, Mammals, Fungi, Reptiles, Amphibians, Arachnids]","125,000"
Mammoth Cave National Park,"37.1877, -86.1","Shawnee (Shawanwaki) · Cherokee · Chickasaw · Osage; cave known to indigenous peoples 4,000+ years; mummified remains recovered from deep passages; forced removal from Kentucky by early 19th century.","[Kentucky, NPS, National Park, World Heritage]",~340 million years ago (limestone bedrock); cave passages formed over last 10 million years.,Temperate deciduous forest above; cave ecosystem with endemic troglobitic species; endangered Indiana bat and Kentucky cave shrimp; Green River corridor.,Green River and Nolin River; vast karst aquifer; 400+ miles of surveyed passages; Echo River flows underground.,"[Plants, Birds, Insects, Mammals, Fungi, Reptiles, Amphibians, Arachnids]","54,012 acres"
Sea Rim State Park,"29.6776, -93.9308",Ishak (Atakapa-Ishak) · Akokisa (Eastern Atakapa) peoples; Gulf coastal territory occupied continuously since the end of the last Ice Age.,"[Texas, State park]","~11,700 years ago - present.",Tidal salt marsh; chenier ridge; Gulf beach; critical migratory bird corridor (Central Flyway).,Gulf of Mexico shoreline; Sabine Lake; Intracoastal Waterway; tidal marsh drainage.,"[Plants, Birds, Insects, Mammals, Fungi, Reptiles, Amphibians, Arachnids]","15,109 acres"
Caprock Canyon State Park,"33.9778, -101.0578",Comanche (Nʉmʉnʉʉ) · Kiowa · Apache; territory of the Comancheria; Caprock Canyons part of the southern Comanche range; forced removal to Oklahoma reservations 1874-75.,"[Texas, State park]",~299-2.6 million years ago (surface strata).,Shortgrass prairie; canyon riparian; home to the official Texas State Bison Herd ; last free-ranging southern plains bison lineage.,South Prong Little Red River; Lake Theo (reservoir); playa lakes; intermittent canyon streams.,"[Plants, Birds, Insects, Reptiles, Amphibians]","15,313 acres"
Palo Duro Canyon State Park,"34.8873, -101.6713","Comanche (Nʉmʉnʉʉ) · Kiowa · Southern Cheyenne · Arapaho; earlier Apache; canyon occupied 12,000+ years; Battle of Palo Duro Canyon 1874 ended Comanche and Kiowa presence on the Southern Plains.","[Texas, State park, National Natural Landmark]",~252-201 million years ago (exposed strata).,"Chihuahuan Desert transition; juniper-mesquite canyon scrub; cottonwood riparian corridor; pronghorn, mule deer, aoudad sheep.",Prairie Dog Town Fork of the Red River; ephemeral tributaries; canyon springs.,"[Plants, Birds, Insects, Mammals, Fungi, Reptiles, Amphibians, Arachnids]","29,182 acres"
Johnson's Shut-Ins State Park,"37.553, -90.848",Osage Nation (Wazhazhe) · earlier Paleo-Indian peoples; Osage hunted throughout the St. Francois Mountains; ceded territory via 1808 treaty under duress.,"[Missouri, State park]",~1.47 billion years ago (bedrock).,Ozark Highland; dolomite glades; dry chert woodland; rare endemic species in igneous glade communities.,East Fork Black River; Taum Sauk Reservoir (upstream); shut-in pools and cascades; 2005 reservoir breach reshaped lower park terrain.,"[Plants, Birds, Insects, Mammals, Fungi, Reptiles, Amphibians, Arachnids]","8,916 acres"
Elephant Rocks State Park,"37.637, -90.726",Osage Nation (Wazhazhe) · earlier Archaic and Woodland period peoples; Osage ancestral domain included all of southern Missouri; forced removal 1825.,"[Missouri, State park]",~1.47 billion years ago (granite intrusion).,Igneous glade and savanna; rare lichen communities on granite surfaces; St. Francois Mountains endemic flora.,Headwaters of Stout Creek; ephemeral drainage between boulder fields.,"[Plants, Birds, Insects, Mammals, Fungi, Reptiles, Amphibians, Arachnids]",132 acres
Charon's Garden Wilderness Area,"34.726, -98.688",Comanche (Nʉmʉnʉʉ) · Kiowa · Wichita (Kitikiti'sh) · Apache; Wichita Mountains used as refuge and gathering ground; Comanche and Kiowa held this territory until Kiowa-Comanche-Apache Reservation established 1867.,"[Oklahoma, USFWS, National Wildlife Refuge]",~525 million years ago (bedrock).,Mixed-grass prairie; post oak savanna; granite outcrop community; federally listed black-capped vireo habitat; no mechanized access.,Ephemeral streams draining granite uplands; vernal pools in boulder depressions; no permanent surface water.,"[Plants, Birds, Insects, Mammals, Fungi, Reptiles, Amphibians, Arachnids]","5,723 acres"
Wichita Mountains National Wildlife Refuge,"34.769, -98.673",Comanche (Nʉmʉnʉʉ) · Kiowa · Wichita (Kitikiti'sh) · Apache · Fort Sill Apache; Quanah Parker (Comanche) called the Wichitas home; mountains set aside from Kiowa-Comanche-Apache Reservation lands in 1901.,"[Oklahoma, USFWS, National Wildlife Refuge]",~525 million years ago (bedrock); mountains re-exhumed ~300 Mya.,"Mixed-grass and shortgrass prairie; cross timbers; American bison herd (reintroduced 1907, ~650 animals); longhorn cattle; Rocky Mountain elk; prairie dogs.",Parallel streams draining east; Lake Elmer Thomas; Quanah Parker Lake; Comanche County watershed.,"[Birds, Mammals, Reptiles, Amphibians]","59,020 acres"
John Bryan State Park,"39.796, -83.831",Shawnee (Shawanwaki) · Miami · Adena and Hopewell cultures (500 BCE-500 CE); Little Miami River corridor a major Shawnee territory; Shawnee ceded Ohio lands via Treaty of Greene Ville 1795.,"[Ohio, State park]","~430-420 million years ago (bedrock); gorge carved ~12,000-14,000 years ago.","Gorge microclimate supporting relict northern plant communities; Canadian yew, white cedar, walking fern ; species absent from surrounding landscape; National Natural Landmark.",Little Miami River (Ohio State Scenic River; National Wild & Scenic River); Yellow Spring iron-rich seep; Jacoby Creek tributary.,"[Plants, Birds, Insects, Mammals, Reptiles, Amphibians]",752 acres (park); 268 acres (Clifton Gorge SNP)
Hocking Hills State Park,"39.4354, -82.5408",Shawnee (Shawanwaki) · Delaware (Lenape) · Wyandot (Wendat) · Adena (700 BCE-100 CE) · Hopewell (100 BCE-500 CE); 'Hockhocking' a Shawnee/Delaware place name; all tribes removed from Ohio by 1843.,"[Ohio, State park, State Nature Preserve]","~330 million years ago (sandstone); caves and gorges carved ~14,000-18,000 years ago.",Hemlock-dominated gorge; Canadian hemlock at southern range limit; rock shelter communities; old-growth hemlock remnants; high biodiversity microclimate.,Old Man's Creek; Queer Creek; Cedar Fork; multiple seasonal waterfalls; cave seeps maintaining year-round moisture; Cedar Falls (50 ft wide).,"[Plants, Insects, Fungi, Amphibians]","2,356 acres (park); adjacent 9,267-acre Hocking State Forest"
Arc of Appalachia,"38.82, -83.54","Shawnee (Shawanwaki) · Adena and Hopewell mound-building cultures; unglaciated Adams County at southern edge of Shawnee territory; proximity to Serpent Mound (Adena/Fort Ancient, ~300 BCE-1200 CE).","[Ohio, Private preserve, National Natural Landmark]",~485-420 million years ago (bedrock).,One of the most biodiverse landscapes in Ohio; 114 rare or endangered species; dry limestone prairie (Lynx Prairie); eastern red cedar savanna; unglaciated forest; relict Appalachian flora.,Brush Creek watershed; Rocky Fork Creek; numerous limestone seeps and springs; Serpent Mound crypto-explosion structure (nearby).,"[Plants, Insects, Fungi, Amphibians]","7,000+ acres across preserve system"
Mount Airy Forest,"39.168, -84.587",Shawnee (Shawanwaki) · Fort Ancient culture (900-1650 CE); upland forest ridge a known hunting and travel corridor; Shawnee ceded Hamilton County lands via Treaty of Greene Ville 1795.,"[Ohio, Municipal park]",~450 million years ago (Ordovician bedrock); surface soils entirely reworked by 19th-century agricultural erosion and 20th-century reforestation.,"Reforested mixed hardwood and evergreen; 700 acres hardwoods, 200 acres evergreens, 269 acres native woodland; 120-acre arboretum with 1,600+ species; CCC plantings 1935-42; National Register of Historic Places 2010.",West Fork Mill Creek headwaters; steep ravine drainage; historically severe sheet erosion prior to reforestation; upland watershed now stabilized by forest canopy.,"[Plants, Insects, Mammals, Reptiles, Arachnids]","1,459 acres"
Clifton Gorge State Nature Preserve,"39.7993, -83.8328",Shawnee (Shawanwaki) · Miami · Adena and Hopewell cultures; Little Miami River a principal Shawnee waterway and travel corridor; Shawnee ceded Ohio lands via Treaty of Greene Ville 1795.,"[Ohio, State nature preserve, National Natural Landmark]","~445-430 million years ago (bedrock); gorge carved ~15,000 years ago.","Gorge microclimate; relict northern flora including red baneberry, walking fern, Canadian yew; old-growth forest remnants; cool moist conditions maintain species absent from surrounding landscape.","Little Miami River (Ohio’s first State Scenic River, 1968; National Wild & Scenic River); cascading falls and rapids through dolomite narrows; Steamboat Rock slump block; slump cave.","[Birds, Mammals, Reptiles, Arachnids]",268 acres
Parker Woods,"39.1709, -84.5348",Shawnee (Shawanwaki) · Myaamia (Miami) · Adena and Hopewell moundbuilder cultures; Cincinnati area a major nexus of Shawnee and Miami territory; Fort Washington established 1789 as U.S. military base on Shawnee lands; Shawnee and Miami among signatories ceding southern Ohio via Treaty of Greenville 1795 following Battle of Fallen Timbers 1794.,"[Ohio, Municipal park]",~450 Mya Ordovician shale and limestone (Kope Formation).,"Mature mixed mesophytic forest dominated by sugar maple, white oak, and American beech; spring ephemeral wildflowers; active removal of invasive bush honeysuckle and Tree-of-Heaven underway.","Mill Creek watershed; drains to West Fork Mill Creek, a tributary flowing through Northside Cincinnati to Mill Creek and the Ohio River; steep ravine topography characteristic of Kope Formation hillsides.","[Plants, Birds, Insects, Mammals, Fungi, Reptiles, Amphibians, Arachnids]",~63 acres
Glen Helen Nature Preserve,"39.803, -83.891",Shawnee (Shawanwaki) · Miami · Adena culture; Orators Mound (Adena burial mound) within preserve boundaries; Yellow Spring a known Shawnee waypoint; Little Miami River a principal Shawnee waterway.,"[Ohio, Private preserve, National Natural Landmark]","~445-430 million years ago (bedrock); gorge and ravine system formed by glacial meltwater ~15,000 years ago.",Mixed mesophytic gorge forest; 400-year-old trees; regionally significant old-growth stands; beaver wetland; Raptor Center (Ohio’s first raptor rehabilitation facility); 20+ miles of trail connecting to John Bryan State Park and Clifton Gorge.,Little Miami River (2.5 miles; National Wild & Scenic River); Yellow Spring Creek; Birch Creek; iron-rich Yellow Spring seep; beaver impoundment; Cascades waterfall.,"[Plants, Insects, Mammals, Fungi, Reptiles, Amphibians]","1,147 acres"
Otto Armleder Memorial Park,"39.102, -84.428",Shawnee (Shawanwaki) · Fort Ancient culture (900-1650 CE); Little Miami River a principal Shawnee corridor; Shawnee ceded Ohio lands via Treaty of Greene Ville 1795.,"[Ohio, Municipal park]",~450 million years ago (Ordovician bedrock); floodplain deposits Holocene.,"Floodplain wetland; bottomland hardwood forest; willow, cottonwood, silver maple, boxelder; critical migratory bird stopover on the Ohio flyway; 76+ documented bird species.",Little Miami River floodplain; subject to periodic inundation; adjacent to Lunken Airfield oxbow; Mill Creek watershed confluence nearby.,"[Plants, Insects, Mammals, Reptiles, Arachnids]",347 acres
Bender Mountain Nature Preserve,"39.11, -84.62",Shawnee (Shawanwaki) · earlier Adena and Hopewell peoples; Ohio River ridge a known travel and hunting corridor; Shawnee ceded Hamilton County lands via Treaty of Greene Ville 1795.,"[Ohio, Municipal park]","~450 million years ago (Ordovician bedrock); ridge morphology shaped by Illinoian glaciation ~400,000 years ago.",Mixed mesophytic forest; steep south-facing Ohio River bluff; 390+ vascular plant species; described as best site in Hamilton County for native wildflowers; invasive honeysuckle removal ongoing since 2003.,Rapid Run Creek drainage to the north; Ohio River corridor to the south; steep slope hydrology with seasonal seeps.,"[Birds, Mammals, Reptiles, Arachnids]",130+ acres
